customer_id,email_address,full_name
1,"tammy.bryant@internalmail","Tammy Bryant"
2,"roy.white@internalmail","Roy White"
3,"gary.jenkins@internalmail","Gary Jenkins"
4,"victor.morris@internalmail","Victor Morris"
5,"beverly.hughes@internalmail","Beverly Hughes"
6,"evelyn.torres@internalmail","Evelyn Torres"
7,"carl.lee@internalmail","Carl Lee"
8,"douglas.flores@internalmail","Douglas Flores"
9,"norma.robinson@internalmail","Norma Robinson"
10,"gregory.sanchez@internalmail","Gregory Sanchez"
11,"judy.evans@internalmail","Judy Evans"
12,"jean.patterson@internalmail","Jean Patterson"
13,"michelle.ramirez@internalmail","Michelle Ramirez"
14,"elizabeth.martinez@internalmail","Elizabeth Martinez"
15,"walter.rogers@internalmail","Walter Rogers"
16,"ralph.foster@internalmail","Ralph Foster"
17,"tina.simmons@internalmail","Tina Simmons"
18,"peter.jones@internalmail","Peter Jones"
19,"kathryn.rogers@internalmail","Kathryn Rogers"
20,"dennis.lopez@internalmail","Dennis Lopez"
21,"martha.baker@internalmail","Martha Baker"
22,"raymond.bailey@internalmail","Raymond Bailey"
23,"christopher.allen@internalmail","Christopher Allen"
24,"jonathan.coleman@internalmail","Jonathan Coleman"
25,"walter.turner@internalmail","Walter Turner"
26,"anna.murphy@internalmail","Anna Murphy"
27,"carol.alexander@internalmail","Carol Alexander"
28,"teresa.brown@internalmail","Teresa Brown"
29,"beverly.rivera@internalmail","Beverly Rivera"
30,"lisa.hughes@internalmail","Lisa Hughes"
31,"deborah.taylor@internalmail","Deborah Taylor"
32,"cheryl.young@internalmail","Cheryl Young"
33,"carolyn.wood@internalmail","Carolyn Wood"
34,"patricia.robinson@internalmail","Patricia Robinson"
35,"joshua.nelson@internalmail","Joshua Nelson"
36,"mary.barnes@internalmail","Mary Barnes"
37,"sandra.bennett@internalmail","Sandra Bennett"
38,"jack.brooks@internalmail","Jack Brooks"
39,"harry.powell@internalmail","Harry Powell"
40,"ernest.foster@internalmail","Ernest Foster"
41,"jeremy.howard@internalmail","Jeremy Howard"
42,"adam.walker@internalmail","Adam Walker"
43,"michael.marker@internalmail","Michael Marker"
44,"kris.krill@internalmail","Kris Krill"
45,"fred.fontain@internalmail","Fred Fontain"
46,"alwin.elliott@internalmail","Alwin Elliott"
47,"finian.park@internalmail","Finian Park"
48,"florencia.hopkins@internalmail","Florencia Hopkins"
49,"kaija.crawford@internalmail","Kaija Crawford"
50,"kimiko.brien@internalmail","Kimiko Brien"
51,"michael.harris@internalmail","Michael Harris"
52,"lola.whitley@internalmail","Lola Whitley"
53,"witney.rockwell@internalmail","Witney Rockwell"
54,"kellan.ye@internalmail","Kellan Ye"
55,"michael.kim@internalmail","Michael Kim"
56,"tamika.hu@internalmail","Tamika Hu"
57,"michael.smith@internalmail","Michael Smith"
58,"shamira.jones@internalmail","Shamira Jones"
59,"debbie.sawbridge@internalmail","Debbie Sawbridge"
60,"clair.maldonado@internalmail","Clair Maldonado"
61,"pedro.aenlo@internalmail","Pedro Aenlo"
62,"nus.biollix@internalmail","Nus Biollix"
63,"eva.ogatius@internalmail","Eva Ogatius"
64,"harriet.auxus@internalmail","Harriet Auxus"
65,"domingo.morano@internalmail","Domingo Morano"
66,"glaubo.rinnaia@internalmail","Glaubo Rinnaia"
67,"roberto.sipaia@internalmail","Roberto Sipaia"
68,"emilio.sessaia@internalmail","Emilio Sessaia"
69,"felix.auvacia@internalmail","Felix Auvacia"
70,"santiago.vautus@internalmail","Santiago Vautus"
71,"eduardo.flignia@internalmail","Eduardo Flignia"
72,"raul.haelfeius@internalmail","Raul Haelfeius"
73,"carlos.maza@internalmail","Carlos Maza"
74,"alex.loera@internalmail","Alex Loera"
75,"oscar.moye@internalmail","Oscar Moye"
76,"daniella.almonte@internalmail","Daniella Almonte"
77,"paz.montilla@internalmail","Paz Montilla"
78,"gricelda.luebbers@internalmail","Gricelda Luebbers"
79,"dean.bollich@internalmail","Dean Bollich"
80,"milo.manoni@internalmail","Milo Manoni"
81,"laurice.karl@internalmail","Laurice Karl"
82,"august.rupel@internalmail","August Rupel"
83,"salome.guisti@internalmail","Salome Guisti"
84,"lovie.ritacco@internalmail","Lovie Ritacco"
85,"chaya.greczkowski@internalmail","Chaya Greczkowski"
86,"twila.coolbeth@internalmail","Twila Coolbeth"
87,"carlotta.achenbach@internalmail","Carlotta Achenbach"
88,"jeraldine.audet@internalmail","Jeraldine Audet"
89,"august.arouri@internalmail","August Arouri"
90,"ward.stepney@internalmail","Ward Stepney"
91,"ayana.barkhurst@internalmail","Ayana Barkhurst"
92,"luana.berends@internalmail","Luana Berends"
93,"lecia.alvino@internalmail","Lecia Alvino"
94,"joleen.himmelmann@internalmail","Joleen Himmelmann"
95,"monty.kinnamon@internalmail","Monty Kinnamon"
96,"dania.grizzard@internalmail","Dania Grizzard"
97,"inez.yamnitz@internalmail","Inez Yamnitz"
98,"fidel.creps@internalmail","Fidel Creps"
99,"luis.pothoven@internalmail","Luis Pothoven"
100,"bernardo.phoenix@internalmail","Bernardo Phoenix"
101,"carolyne.centore@internalmail","Carolyne Centore"
102,"cornell.pratico@internalmail","Cornell Pratico"
103,"sam.rueb@internalmail","Sam Rueb"
104,"shakita.sablock@internalmail","Shakita Sablock"
105,"sandy.heffren@internalmail","Sandy Heffren"
106,"tressa.coppens@internalmail","Tressa Coppens"
107,"shira.arocho@internalmail","Shira Arocho"
108,"carter.sacarello@internalmail","Carter Sacarello"
109,"linda.merida@internalmail","Linda Merida"
110,"winfred.sohn@internalmail","Winfred Sohn"
111,"nestor.caparros@internalmail","Nestor Caparros"
112,"brooks.craker@internalmail","Brooks Craker"
113,"ruthann.nixa@internalmail","Ruthann Nixa"
114,"kenny.campobasso@internalmail","Kenny Campobasso"
115,"hildred.donnel@internalmail","Hildred Donnel"
116,"luther.ardinger@internalmail","Luther Ardinger"
117,"rhoda.hasfjord@internalmail","Rhoda Hasfjord"
118,"cori.ablin@internalmail","Cori Ablin"
119,"reinaldo.feltner@internalmail","Reinaldo Feltner"
120,"coralee.acerno@internalmail","Coralee Acerno"
121,"katherine.tagg@internalmail","Katherine Tagg"
122,"lenore.sullivan@internalmail","Lenore Sullivan"
123,"erda.sheer@internalmail","erda Sheer"
124,"pete.chevis@internalmail","Pete Chevis"
125,"joseph.wilke@internalmail","Joseph Wilke"
126,"nella.rupnick@internalmail","Nella Rupnick"
127,"azalee.goodwater@internalmail","Azalee Goodwater"
128,"stefany.waninger@internalmail","Stefany Waninger"
129,"arron.waclawski@internalmail","Arron Waclawski"
130,"boyd.rearden@internalmail","Boyd Rearden"
131,"erasmo.riviera@internalmail","Erasmo Riviera"
132,"ambrose.hiday@internalmail","Ambrose Hiday"
133,"horacio.rainbolt@internalmail","Horacio Rainbolt"
134,"taylor.cauchon@internalmail","Taylor Cauchon"
135,"marc.domanski@internalmail","Marc Domanski"
136,"kaylene.lusco@internalmail","Kaylene Lusco"
137,"norris.michener@internalmail","Norris Michener"
138,"rob.kempt@internalmail","Rob Kempt"
139,"elaine.moncure@internalmail","Elaine Moncure"
140,"joshua.disano@internalmail","Joshua Disano"
141,"lai.kurtich@internalmail","Lai Kurtich"
142,"lucas.summerill@internalmail","Lucas Summerill"
143,"vincent.hibberd@internalmail","Vincent Hibberd"
144,"sharla.topper@internalmail","Sharla Topper"
145,"andrew.schieferstein@internalmail","Andrew Schieferstein"
146,"rey.wada@internalmail","Rey Wada"
147,"jonell.pecatoste@internalmail","Jonell Pecatoste"
148,"kurtis.parham@internalmail","Kurtis Parham"
149,"quinn.yerdon@internalmail","Quinn Yerdon"
150,"meg.vetterkind@internalmail","Meg Vetterkind"
151,"alex.binette@internalmail","Alex Binette"
152,"ali.brengle@internalmail","Ali Brengle"
153,"jaimee.gammons@internalmail","Jaimee Gammons"
154,"alva.halajian@internalmail","Alva Halajian"
155,"latoria.siprasoeuth@internalmail","Latoria Siprasoeuth"
156,"merlyn.summerford@internalmail","Merlyn Summerford"
157,"nelson.koschnitzki@internalmail","Nelson Koschnitzki"
158,"adeline.iannotti@internalmail","Adeline Iannotti"
159,"saul.mokry@internalmail","Saul Mokry"
160,"laveta.wida@internalmail","Laveta Wida"
161,"dexter.petiet@internalmail","Dexter Petiet"
162,"chet.morano@internalmail","Chet Morano"
163,"jannie.thibideau@internalmail","Jannie Thibideau"
164,"janey.fornell@internalmail","Janey Fornell"
165,"gerda.bartha@internalmail","Gerda Bartha"
166,"kristina.livshits@internalmail","Kristina Livshits"
167,"matilda.toedebusch@internalmail","Matilda Toedebusch"
168,"ami.dardar@internalmail","Ami Dardar"
169,"desmond.lifschitz@internalmail","Desmond Lifschitz"
170,"marco.slivka@internalmail","Marco Slivka"
171,"danica.riogas@internalmail","Danica Riogas"
172,"cathey.salen@internalmail","Cathey Salen"
173,"tabetha.florentino@internalmail","Tabetha Florentino"
174,"daisy.liddicoat@internalmail","Daisy Liddicoat"
175,"jacklyn.niskala@internalmail","Jacklyn Niskala"
176,"herb.tammen@internalmail","Herb Tammen"
177,"verlie.ashland@internalmail","Verlie Ashland"
178,"jacklyn.clippard@internalmail","Jacklyn Clippard"
179,"verlie.bekerman@internalmail","Verlie Bekerman"
180,"teisha.grimstead@internalmail","Teisha Grimstead"
181,"scotty.goffredo@internalmail","Scotty Goffredo"
182,"nelson.golz@internalmail","Nelson Golz"
183,"jewel.clippard@internalmail","Jewel Clippard"
184,"rudolph.bekerman@internalmail","Rudolph Bekerman"
185,"laurice.grimstead@internalmail","Laurice Grimstead"
186,"laurice.goffredo@internalmail","Laurice Goffredo"
187,"scotty.r.goffredo@internalmail","Scotty R Goffredo"
188,"emmett.golz@internalmail","Emmett Golz"
189,"norman.lobregat@internalmail","Norman Lobregat"
190,"tim.blasingim@internalmail","Tim Blasingim"
191,"brandy.genco@internalmail","Brandy Genco"
192,"jewel.pedroncelli@internalmail","Jewel Pedroncelli"
193,"verda.puchalla@internalmail","Verda Puchalla"
194,"norman.s.lobregat@internalmail","Norman Simon Lobregat"
195,"tim.d.blasingim@internalmail","Tim Dominic Blasingim"
196,"tim.genco@internalmail","Tim Genco"
197,"hung.pedroncelli@internalmail","Hung Pedroncelli"
198,"loyd.puchalla@internalmail","Loyd Puchalla"
199,"eustolia.temores@internalmail","Eustolia Temores"
200,"jessika.doorn@internalmail","Jessika Doorn"
201,"marvis.chou@internalmail","Marvis Chou"
202,"loyd.huckeba@internalmail","Loyd Huckeba"
203,"leon.schoepfer@internalmail","Leon Schoepfer"
204,"luigi.nored@internalmail","Luigi Nored"
205,"thaddeus.geneseo@internalmail","Thaddeus Geneseo"
206,"casey.chestand@internalmail","Casey Chestand"
207,"pete.carvallo@internalmail","Pete Carvallo"
208,"angel.sakoda@internalmail","Angel Sakoda"
209,"donnell.huttle@internalmail","Donnell Huttle"
210,"tyler.curlee@internalmail","Tyler Curlee"
211,"markita.larner@internalmail","Markita Larner"
212,"chante.parez@internalmail","Chante Parez"
213,"alvin.gagner@internalmail","Alvin Gagner"
214,"richard.howard@internalmail","Richard Howard"
215,"donna.foster@internalmail","Donna Foster"
216,"ruth.robinson@internalmail","Ruth Robinson"
217,"william.diaz@internalmail","William Diaz"
218,"susan.jenkins@internalmail","Susan Jenkins"
219,"carol.barnes@internalmail","Carol Barnes"
220,"sarah.murphy@internalmail","Sarah Murphy"
221,"dorothy.gray@internalmail","Dorothy Gray"
222,"ruth.graham@internalmail","Ruth Graham"
223,"robert.west@internalmail","Robert West"
224,"carol.metrick@internalmail","Carol Metrick"
225,"li.robleto@internalmail","Li Robleto"
226,"bert.takes@internalmail","Bert Takes"
227,"son.mclagan@internalmail","Son McLagan"
228,"van.seaforth@internalmail","Van Seaforth"
229,"florance.bateman@internalmail","Florance Bateman"
230,"bridgette.crevier@internalmail","Bridgette Crevier"
231,"murray.vicario@internalmail","Murray Vicario"
232,"loris.thibadeau@internalmail","Loris Thibadeau"
233,"lakia.fitzen@internalmail","Lakia Fitzen"
234,"angelo.carreon@internalmail","Angelo Carreon"
235,"collene.guderjahn@internalmail","Collene Guderjahn"
236,"trenton.stoermer@internalmail","Trenton Stoermer"
237,"barry.tolliver@internalmail","Barry Tolliver"
238,"lloyd.shackley@internalmail","Lloyd Shackley"
239,"luciano.lingenfelter@internalmail","Luciano Lingenfelter"
240,"edmund.hikel@internalmail","Edmund Hikel"
241,"jolene.johannesen@internalmail","Jolene Johannesen"
242,"raymon.survant@internalmail","Raymon Survant"
243,"reyes.paczkowski@internalmail","Reyes Paczkowski"
244,"freddie.kirkhart@internalmail","Freddie Kirkhart"
245,"jamison.scrobola@internalmail","Jamison Scrobola"
246,"rasheeda.teegarden@internalmail","Rasheeda Teegarden"
247,"haywood.burd@internalmail","Haywood Burd"
248,"eldon.lannon@internalmail","Eldon Lannon"
249,"marissa.pontius@internalmail","Marissa Pontius"
250,"otha.murton@internalmail","Otha Murton"
251,"dannie.mccoin@internalmail","Dannie McCoin"
252,"trey.gorham@internalmail","Trey Gorham"
253,"nanci.bunt@internalmail","Nanci Bunt"
254,"will.parliman@internalmail","Will Parliman"
255,"justin.dorff@internalmail","Justin Dorff"
256,"wyatt.tschache@internalmail","Wyatt Tschache"
257,"chong.carpinelli@internalmail","Chong Carpinelli"
258,"adan.lamica@internalmail","Adan Lamica"
259,"beckie.lagrenade@internalmail","Beckie Lagrenade"
260,"jacques.bartash@internalmail","Jacques Bartash"
261,"buster.landin@internalmail","Buster Landin"
262,"kendrick.mcmurtrey@internalmail","Kendrick McMurtrey"
263,"jerrell.kereluk@internalmail","Jerrell Kereluk"
264,"monroe.braylock@internalmail","Monroe Braylock"
265,"anderson.keaffaber@internalmail","Anderson Keaffaber"
266,"love.whistlehunt@internalmail","Love Whistlehunt"
267,"petrina.gummo@internalmail","Petrina Gummo"
268,"jeremiah.nuanes@internalmail","Jeremiah Nuanes"
269,"shon.capetl@internalmail","Shon Capetl"
270,"chasidy.fetui@internalmail","Chasidy Fetui"
271,"dorsey.arking@internalmail","Dorsey Arking"
272,"dagny.bumatay@internalmail","Dagny Bumatay"
273,"elden.arancibia@internalmail","Elden Arancibia"
274,"broderick.dourado@internalmail","Broderick Dourado"
275,"elden.bufton@internalmail","Elden Bufton"
276,"chassidy.hinderaker@internalmail","Chassidy Hinderaker"
277,"broderick.faur@internalmail","Broderick Faur"
278,"jewel.ginnery@internalmail","Jewel Ginnery"
279,"james.williams@internalmail","James Williams"
280,"james.wilson@internalmail","James Wilson"
281,"mary.wilson@internalmail","Mary Wilson"
282,"patricia.wilson@internalmail","Patricia Wilson"
283,"james.smith@internalmail","James Smith"
284,"zavert.zimmer@internalmail","Zavert Zimmer"
285,"albert.altmeer@internalmail","Albert Altmeer"
286,"wilfred.welch@internalmail","Wilfred Welch"
287,"kristina.nunez@internalmail","Kristina Nunez"
288,"mable.ballard@internalmail","Mable Ballard"
289,"diane.wilkerson@internalmail","Diane Wilkerson"
290,"sheryl.banks@internalmail","Sheryl Banks"
291,"opal.cruz@internalmail","Opal Cruz"
292,"dale.hughes@internalmail","Dale Hughes"
293,"diana.fowler@internalmail","Diana Fowler"
294,"travis.schwartz@internalmail","Travis Schwartz"
295,"anthony.boone@internalmail","Anthony Boone"
296,"tim.harmon@internalmail","Tim Harmon"
297,"kristin.brooks@internalmail","Kristin Brooks"
298,"kathy.dennis@internalmail","Kathy Dennis"
299,"vickie.james@internalmail","Vickie James"
300,"sandra.bass@internalmail","Sandra Bass"
301,"nelson.tate@internalmail","Nelson Tate"
302,"tiffany.pena@internalmail","Tiffany Pena"
303,"jeannette.hunt@internalmail","Jeannette Hunt"
304,"willie.cunningham@internalmail","Willie Cunningham"
305,"paulette.byrd@internalmail","Paulette Byrd"
306,"tasha.cobb@internalmail","Tasha Cobb"
307,"eloise.burton@internalmail","Eloise Burton"
308,"felix.fox@internalmail","Felix Fox"
309,"gary.barton@internalmail","Gary Barton"
310,"tracy.mcbride@internalmail","Tracy Mcbride"
311,"lorita.koenig@internalmail","Lorita Koenig"
312,"kaleigh.meade@internalmail","Kaleigh Meade"
313,"lexie.magee@internalmail","Lexie Magee"
314,"landon.neville@internalmail","Landon Neville"
315,"lillia.talbott@internalmail","Lillia Talbott"
316,"dinah.paredes@internalmail","Dinah Paredes"
317,"mercy.whiting@internalmail","Mercy Whiting"
318,"thomas.huddleston@internalmail","Thomas Huddleston"
319,"rubi.carlisle@internalmail","Rubi Carlisle"
320,"vivien.cameron@internalmail","Vivien Cameron"
321,"maia.leggett@internalmail","Maia Leggett"
322,"florencia.kohler@internalmail","Florencia Kohler"
323,"lucila.heck@internalmail","Lucila Heck"
324,"kendrick.caraballo@internalmail","Kendrick Caraballo"
325,"annemarie.pinckney@internalmail","Annemarie Pinckney"
326,"carmella.avalos@internalmail","Carmella Avalos"
327,"jules.ruffin@internalmail","Jules Ruffin"
328,"tish.stapleton@internalmail","Tish Stapleton"
329,"elin.seidel@internalmail","Elin Seidel"
330,"shawn.sorenson@internalmail","Shawn Sorenson"
331,"winfred.august@internalmail","Winfred August"
332,"virgie.breeden@internalmail","Virgie Breeden"
333,"ericka.oconner@internalmail","Ericka Oconner"
334,"cheree.kemp@internalmail","Cheree Kemp"
335,"rayford.salley@internalmail","Rayford Salley"
336,"zulma.olds@internalmail","Zulma Olds"
337,"salena.wadsworth@internalmail","Salena Wadsworth"
338,"mohammad.cervantes@internalmail","Mohammad Cervantes"
339,"tanja.vanover@internalmail","Tanja Vanover"
340,"lonnie.colby@internalmail","Lonnie Colby"
341,"monte.calloway@internalmail","Monte Calloway"
342,"melisa.banda@internalmail","Melisa Banda"
343,"gisela.costello@internalmail","Gisela Costello"
344,"libby.krauss@internalmail","Libby Krauss"
345,"mireille.pauley@internalmail","Mireille Pauley"
346,"hassie.grogan@internalmail","Hassie Grogan"
347,"chi.mcwhorter@internalmail","Chi Mcwhorter"
348,"connie.delagarza@internalmail","Connie Delagarza"
349,"britney.gable@internalmail","Britney Gable"
350,"lorilee.bautista@internalmail","Lorilee Bautista"
351,"anisa.kurtz@internalmail","Anisa Kurtz"
352,"maryalice.evers@internalmail","Maryalice Evers"
353,"andria.myles@internalmail","Andria Myles"
354,"dede.bundy@internalmail","Dede Bundy"
355,"twila.hilliard@internalmail","Twila Hilliard"
356,"gene.mcginnis@internalmail","Gene Mcginnis"
357,"shaquana.carney@internalmail","Shaquana Carney"
358,"gita.dobbs@internalmail","Gita Dobbs"
359,"dorathy.hutchings@internalmail","Dorathy Hutchings"
360,"shirley.ward@internalmail","Shirley Ward"
361,"frank.perez@internalmail","Frank Perez"
362,"barbara.allen@internalmail","Barbara Allen"
363,"justin.king@internalmail","Justin King"
364,"harold.griffin@internalmail","Harold Griffin"
365,"jeffrey.coleman@internalmail","Jeffrey Coleman"
366,"margaret.bennett@internalmail","Margaret Bennett"
367,"cheryl.phillips@internalmail","Cheryl Phillips"
368,"joan.miller@internalmail","Joan Miller"
369,"chris.powell@internalmail","Chris Powell"
370,"russell.rivera@internalmail","Russell Rivera"
371,"nancy.hall@internalmail","Nancy Hall"
372,"gerald.evans@internalmail","Gerald Evans"
373,"jennifer.cooper@internalmail","Jennifer Cooper"
374,"irene.moore@internalmail","Irene Moore"
375,"sean.adams@internalmail","Sean Adams"
376,"stephen.butler@internalmail","Stephen Butler"
377,"adam.martinez@internalmail","Adam Martinez"
378,"angela.bailey@internalmail","Angela Bailey"
379,"pamela.gonzalez@internalmail","Pamela Gonzalez"
380,"arthur.hill@internalmail","Arthur Hill"
381,"jesse.nelson@internalmail","Jesse Nelson"
382,"stephanie.jones@internalmail","Stephanie Jones"
383,"robert.simmons@internalmail","Robert Simmons"
384,"denise.white@internalmail","Denise White"
385,"theresa.wilson@internalmail","Theresa Wilson"
386,"andrea.james@internalmail","Andrea James"
387,"steven.brown@internalmail","Steven Brown"
388,"nicholas.diaz@internalmail","Nicholas Diaz"
389,"justin.bailey@internalmail","Justin Bailey"
390,"pamela.alexander@internalmail","Pamela Alexander"
391,"edward.coleman@internalmail","Edward Coleman"
392,"adam.miller@internalmail","Adam Miller"
